Rk,Player,Tm,Pos,Age,G,GS,Cmp,PassingAtt,PassingYds,PassingTD,Int,RushingAtt,RushingYds,Y/A,RushingTD,Tgt,Rec,ReceivingYds,Y/R,ReceivingTD,Fmb,FL,TD,2PM,2PP,FantPt,PPR,DKPt,FDPt,VBD,PosRank,OvRank
1,Derrick Henry,TEN,RB,27,5,5,0,0,0,0,0,142,640,4.51,7,15,14,125,8.93,0,0,0,7,1,,121,134.5,140.5,127.5,71,1,1
2,Cooper Kupp,LAR,WR,28,6,6,0,0,0,0,0,1,-5,-5,0,68,46,653,14.2,7,0,0,7,,,107,152.8,155.8,129.8,59,1,2
3,Austin Ekeler,LAC,RB,26,6,6,0,0,0,0,0,73,356,4.88,4,32,27,242,8.96,3,2,1,7,1,,102,128.8,135.8,115.3,52,2,3
4,Ezekiel Elliott,DAL,RB,26,6,6,0,0,0,0,0,102,521,5.11,5,20,16,105,6.56,1,0,0,6,,,99,114.6,120.6,106.6,49,3,4
5,Jonathan Taylor,IND,RB,22,6,6,0,0,0,0,0,87,472,5.43,4,18,15,210,14,1,0,0,5,,,98,113.2,119.2,105.7,48,4,5
6,Tyreek Hill,KAN,WR,27,6,6,0,0,0,0,0,4,45,11.25,0,63,46,592,12.87,5,1,1,5,,,92,137.7,141.7,114.7,44,2,6
7,Patrick Mahomes,KAN,QB,26,6,6,167,242,1887,18,8,26,184,7.08,1,0,0,0,,0,2,1,1,,,154,153.9,168.9,161.9,40,1,7
8,Mike Williams,LAC,WR,27,6,5,0,0,0,0,0,0,0,,0,56,33,498,15.09,6,0,0,6,1,,88,120.8,123.8,104.3,40,3,8
9,Aaron Jones,GNB,RB,27,6,6,0,0,0,0,0,83,385,4.64,2,23,21,166,7.9,4,2,1,6,,,89,110.1,117.1,99.6,39,5,9
10,Tom Brady,TAM,QB,44,6,6,183,267,2064,17,3,13,37,2.85,1,0,0,0,,0,2,1,1,,,152,152.3,159.3,155.3,39,2,10
11,James Robinson,JAX,RB,23,6,6,0,0,0,0,0,84,460,5.48,5,22,17,116,6.82,0,2,0,5,,,88,104.6,110.6,96.1,38,6,11
12,Najee Harris,PIT,RB,23,6,6,0,0,0,0,0,102,388,3.8,2,46,34,244,7.18,2,0,0,4,,,87,121.2,127.2,104.2,37,7,12
13,Ja'Marr Chase,CIN,WR,21,6,6,0,0,0,0,0,1,-2,-2,0,41,27,553,20.48,5,0,0,5,,,85,112.1,115.1,98.6,37,4,13
14,Travis Kelce,KAN,TE,32,6,6,0,0,0,0,0,0,0,,0,53,38,468,12.32,4,0,0,4,,,71,108.8,111.8,89.8,35,1,14
15,Kareem Hunt,CLE,RB,26,6,1,0,0,0,0,0,69,361,5.23,5,24,20,161,8.05,0,0,0,5,1,,84,104.2,110.2,94.2,34,8,15
16,Kyler Murray,ARI,QB,24,6,6,144,195,1741,14,4,37,116,3.14,3,0,0,0,,0,6,0,3,,,147,147.2,157.2,151.2,34,3,16
17,Jalen Hurts,PHI,QB,23,6,6,130,208,1480,8,4,53,300,5.66,5,1,0,0,,0,4,0,5,,2,147,147.2,157.2,151.2,33,4,17
18,Mark Andrews,BAL,TE,26,6,4,0,0,0,0,0,0,0,,0,44,34,468,13.76,3,0,0,3,2,,69,102.8,105.8,85.8,33,2,18
19,Joe Mixon,CIN,RB,25,6,6,0,0,0,0,0,111,480,4.32,3,16,13,90,6.92,1,1,0,4,,,81,94,97,87.5,31,9,19
20,Marquise Brown,BAL,WR,24,6,6,0,0,0,0,0,1,5,5,0,43,32,486,15.19,5,1,0,5,,,79,111.1,114.1,95.1,31,5,20
21,Deebo Samuel,SFO,WR,25,5,5,0,0,0,0,0,6,22,3.67,1,52,31,548,17.68,3,1,1,4,,,79,110,114,94.5,31,6,21
22,Davante Adams,GNB,WR,29,6,6,0,0,0,0,0,0,0,,0,66,46,668,14.52,2,0,0,2,,,79,124.8,127.8,101.8,31,7,22
23,Darrell Henderson,LAR,RB,24,5,5,0,0,0,0,0,81,372,4.59,4,16,12,119,9.92,1,0,0,5,,,79,91.1,97.1,85.1,29,10,23
24,Lamar Jackson,BAL,QB,24,6,6,131,194,1686,9,5,64,392,6.13,2,0,0,0,,0,5,3,2,,2,143,142.6,156.6,147.6,29,5,24
25,Nick Chubb,CLE,RB,26,5,5,0,0,0,0,0,90,523,5.81,4,5,5,35,7,0,1,1,4,,,78,82.8,86.8,80.3,28,11,25
26,CeeDee Lamb,DAL,WR,22,6,6,0,0,0,0,0,4,18,4.5,0,49,33,497,15.06,4,0,0,4,,,76,108.5,111.5,92,27,8,26
27,Cordarrelle Patterson,ATL,RB,30,5,2,0,1,0,0,0,41,173,4.22,1,31,25,295,11.8,4,1,0,5,,,77,101.8,107.8,89.3,27,12,27
28,D.K. Metcalf,SEA,WR,24,6,6,0,0,0,0,0,0,0,,0,45,31,441,14.23,5,1,0,5,,,74,105.1,108.1,89.6,26,9,28
29,D'Andre Swift,DET,RB,22,6,0,0,1,0,0,0,65,214,3.29,3,42,34,295,8.68,1,0,0,4,,,75,108.9,114.9,91.9,25,13,29
30,DeAndre Hopkins,ARI,WR,29,6,6,0,0,0,0,0,0,0,,0,38,26,367,14.12,6,0,0,6,,,73,98.7,101.7,85.7,25,10,30
31,Leonard Fournette,TAM,RB,26,6,5,0,0,0,0,0,78,332,4.26,3,30,25,213,8.52,0,1,0,3,,,73,97.5,103.5,85,23,14,31
32,Justin Jefferson,MIN,WR,22,6,6,1,1,11,0,0,0,0,,0,59,41,542,13.22,3,1,1,3,,,71,111.6,115.6,91.1,22,11,32
33,Alvin Kamara,NOR,RB,26,5,5,0,0,0,0,0,94,368,3.91,1,22,15,113,7.53,3,0,0,4,,,72,87.1,93.1,79.6,22,15,33
34,Adam Thielen,MIN,WR,31,6,6,0,0,0,0,0,1,2,2,0,50,37,393,10.62,5,1,0,5,,,70,106.5,109.5,88,21,12,34
35,D.J. Moore,CAR,WR,24,6,6,0,0,0,0,0,5,21,4.2,0,63,40,513,12.83,3,1,1,3,,,69,109.4,113.4,89.4,21,13,35
36,Dawson Knox,BUF,TE,25,5,4,0,0,0,0,0,0,0,,0,24,18,261,14.5,5,0,0,5,,,56,74.1,77.1,65.1,21,3,36
37,Justin Herbert,LAC,QB,23,6,6,161,246,1771,14,4,21,72,3.43,1,0,0,0,,0,1,1,1,,2,134,134,142,138,20,6,37
38,Dalton Schultz,DAL,TE,25,6,6,0,0,0,0,0,0,0,,0,37,31,359,11.58,3,0,0,3,,,54,84.9,87.9,69.4,18,4,38
39,Matthew Stafford,LAR,QB,33,6,6,139,200,1838,16,4,18,26,1.44,0,0,0,0,,0,1,0,0,,,132,132.1,139.1,136.1,18,7,39
40,Antonio Brown,TAM,WR,33,5,2,0,0,0,0,0,1,6,6,0,42,29,418,14.41,4,0,0,4,,,66,95.4,98.4,80.9,18,14,40
41,Antonio Gibson,WAS,RB,23,6,5,0,0,0,0,0,89,357,4.01,3,16,12,119,9.92,1,3,2,4,,,68,79.6,87.6,73.6,18,16,41
42,Mike Evans,TAM,WR,28,6,6,0,0,0,0,0,0,0,,0,49,31,420,13.55,4,0,0,4,,,66,97,100,81.5,18,15,42
43,Dak Prescott,DAL,QB,28,6,6,158,216,1813,16,4,22,70,3.18,0,0,0,0,,0,6,3,0,,,130,129.5,139.5,133.5,16,8,43
44,Darren Waller,LVR,TE,29,6,6,0,0,0,0,0,0,0,,0,53,33,378,11.45,2,0,0,2,,,50,82.8,85.8,66.3,14,5,44
45,Josh Allen,BUF,QB,25,5,5,114,183,1370,12,2,35,188,5.37,2,0,0,0,,0,3,1,2,,,128,127.6,136.6,129.6,14,9,45
46,Amari Cooper,DAL,WR,27,6,6,0,0,0,0,0,0,0,,0,43,30,373,12.43,4,0,0,4,,,61,91.3,94.3,76.3,13,16,46
47,Terry McLaurin,WAS,WR,26,6,6,0,0,0,0,0,0,0,,0,57,33,428,12.97,3,0,0,3,,,61,93.8,96.8,77.3,13,17,47
48,Tyler Lockett,SEA,WR,29,6,6,0,0,0,0,0,0,0,,0,42,27,425,15.74,3,0,0,3,,,61,87.5,90.5,74,12,18,48
49,Courtland Sutton,DEN,WR,26,6,6,0,0,0,0,0,0,0,,0,53,33,471,14.27,2,0,0,2,,,59,92.1,95.1,75.6,11,19,49
50,James Conner,ARI,RB,26,6,0,0,0,0,0,0,79,272,3.44,5,5,5,34,6.8,0,1,0,5,,,61,65.6,68.6,63.1,11,17,50
51,Kirk Cousins,MIN,QB,33,6,6,166,239,1769,13,2,8,57,7.13,0,0,0,0,,0,3,0,0,,,124,124.5,129.5,126.5,11,10,51
52,Diontae Johnson,PIT,WR,25,5,5,0,0,0,0,0,1,25,25,0,50,34,376,11.06,3,0,0,3,,,58,92.1,95.1,75.1,10,20,52
53,Noah Fant,DEN,TE,24,6,6,0,0,0,0,0,0,0,,0,42,30,273,9.1,3,0,0,3,,,45,75.3,78.3,60.3,10,6,53
54,T.J. Hockenson,DET,TE,24,6,6,0,0,0,0,0,0,0,,0,44,32,311,9.72,2,0,0,2,1,,45,77.1,80.1,61.1,10,7,54
55,Henry Ruggs III,LVR,WR,22,6,6,0,0,0,0,0,2,9,4.5,0,32,20,445,22.25,2,0,0,2,,,57,77.4,80.4,67.4,9,21,55
56,Chris Godwin,TAM,WR,25,6,6,0,0,0,0,0,1,2,2,1,46,34,409,12.03,2,1,1,3,,,57,91.1,95.1,74.1,9,22,56
57,Emmanuel Sanders,BUF,WR,34,5,4,0,0,0,0,0,1,7,7,0,31,19,322,16.95,4,0,0,4,,,57,75.9,78.9,66.4,9,23,57
58,Melvin Gordon,DEN,RB,28,6,6,0,0,0,0,0,70,332,4.74,2,16,13,119,9.15,0,0,0,2,,,57,70.1,76.1,63.6,7,18,58
59,Robert Woods,LAR,WR,29,6,6,0,0,0,0,0,4,18,4.5,0,44,29,353,12.17,3,0,0,3,,,55,84.1,87.1,69.6,7,24,59
60,Rob Gronkowski,TAM,TE,32,3,3,0,0,0,0,0,0,0,,0,21,16,184,11.5,4,0,0,4,,,42,58.4,61.4,50.4,7,8,60
61,Christian Kirk,ARI,WR,25,6,4,0,0,0,0,0,1,11,11,0,31,26,358,13.77,3,0,0,3,,,55,80.9,83.9,67.9,7,25,61
62,Hunter Henry,NWE,TE,27,6,5,0,0,0,0,0,0,0,,0,28,22,241,10.95,3,0,0,3,,,42,64.1,67.1,53.1,7,9,62
63,Brandin Cooks,HOU,WR,28,6,6,0,0,0,0,0,1,5,5,0,57,40,481,12.03,1,0,0,1,,,55,94.6,97.6,74.6,6,26,63
64,Mike Gesicki,MIA,TE,26,6,2,0,0,0,0,0,0,0,,0,43,30,342,11.4,1,0,0,1,,,40,70.2,73.2,55.2,5,10,64
65,Tony Pollard,DAL,RB,24,6,0,0,0,0,0,0,61,366,6,1,15,15,115,7.67,0,1,0,1,,,54,69.1,75.1,61.6,4,19,65
66,Tim Patrick,DEN,WR,28,6,6,0,0,0,0,0,0,0,,0,34,25,344,13.76,3,0,0,3,,,52,77.4,80.4,64.9,4,27,66
67,Dalvin Cook,MIN,RB,26,4,4,0,0,0,0,0,80,366,4.58,2,18,12,73,6.08,0,2,1,2,,,54,65.9,69.9,59.9,4,20,67
68,Marvin Jones,JAX,WR,31,6,5,0,0,0,0,0,0,0,,0,47,28,343,12.25,3,0,0,3,,,52,80.3,83.3,66.3,4,28,68
69,David Montgomery,CHI,RB,24,4,4,0,0,0,0,0,69,309,4.48,3,9,6,49,8.17,0,0,0,3,,,54,59.8,62.8,56.8,4,21,69
70,A.J. Green,ARI,WR,33,6,4,0,0,0,0,0,0,0,,0,32,21,340,16.19,3,0,0,3,,,52,73,76,62.5,4,29,70
71,Damien Harris,NWE,RB,24,6,6,0,0,0,0,0,81,331,4.09,3,9,8,53,6.63,0,2,2,3,,,52,60.4,65.4,56.4,3,22,71
72,Sam Darnold,CAR,QB,24,6,6,137,224,1573,7,7,26,110,4.23,5,0,0,0,,0,5,2,5,,1,116,115.9,130.9,122.9,2,11,72
73,Kyle Pitts,ATL,TE,21,5,5,0,0,0,0,0,0,0,,0,36,24,308,12.83,1,0,0,1,,,37,60.8,63.8,48.8,1,11,73
74,Saquon Barkley,NYG,RB,24,5,5,0,0,0,0,0,54,195,3.61,2,20,14,130,9.29,1,1,0,3,,,51,64.5,70.5,57.5,1,23,74
75,Nick Ralston,DAL,,25,4,0,0,0,0,0,0,0,0,,0,0,0,0,,0,0,0,0,,,,,,,,2,75
76,Jakob Johnson,NWE,,27,6,2,0,0,0,0,0,0,0,,0,0,0,0,,0,0,0,0,,,,,,,,1,76
77,Jared Cook,LAC,TE,34,6,5,0,0,0,0,0,0,0,,0,33,21,235,11.19,2,0,0,2,,,36,56.5,59.5,46,,12,77
78,Tory Carter,TEN,,22,2,0,0,0,0,0,0,0,0,,0,0,0,0,,0,0,0,0,,,,,,,,3,78
79,Aaron Rodgers,GNB,QB,38,6,6,124,186,1436,12,3,14,27,1.93,2,1,1,-4,-4,0,0,0,2,,,114,114.7,120.7,117.2,,12,
80,Derek Carr,LVR,QB,30,6,6,149,232,1946,10,4,18,28,1.56,0,0,0,0,,0,5,0,0,,,113,112.6,119.6,116.6,,13,
81,Joe Burrow,CIN,QB,25,6,6,123,174,1540,14,7,17,44,2.59,0,0,0,0,,0,0,0,0,,1,110,110,120,117,,14,
82,Daniel Jones,NYG,QB,24,6,6,130,208,1524,4,4,33,201,6.09,2,0,0,0,,0,5,2,2,2,1,103,103.1,115.1,107.1,,15,
83,Carson Wentz,IND,QB,29,6,6,124,193,1545,9,1,18,74,4.11,0,0,0,0,,0,2,2,0,,1,101,101.2,107.2,102.2,,16,
84,Russell Wilson,SEA,QB,33,5,5,90,125,1196,10,1,17,68,4,1,0,0,0,,0,1,0,1,,,99,98.6,102.6,99.6,,17,
85,Taylor Heinicke,WAS,QB,28,6,5,126,198,1390,9,6,25,127,5.08,1,1,1,-2,-2,0,0,0,1,,,98,99.1,111.1,104.6,,18,
86,Teddy Bridgewater,DEN,QB,29,6,6,139,198,1514,10,4,15,66,4.4,0,0,0,0,,0,1,1,0,,,97,97.2,105.2,101.2,,19,
87,Baker Mayfield,CLE,QB,26,6,6,116,173,1474,6,3,20,75,3.75,1,0,0,11,,0,4,2,1,,2,92,91.6,99.6,94.6,,20,
88,Matt Ryan,ATL,QB,36,5,5,141,204,1332,10,3,7,26,3.71,0,0,0,0,,0,2,1,0,1,,90,89.9,96.9,92.9,,22,
89,Jameis Winston,NOR,QB,27,5,5,70,116,892,12,3,20,86,4.3,1,0,0,0,,0,1,1,1,,,90,90.3,97.3,93.3,,21,
90,Trevor Lawrence,JAX,QB,22,6,6,129,216,1465,7,8,26,121,4.65,2,0,0,0,,0,3,3,2,,,89,88.7,105.7,96.7,,23,
91,Jared Goff,DET,QB,27,6,6,159,238,1505,7,4,12,73,6.08,0,0,0,0,,0,6,4,0,,4,88,87.5,98.5,91.5,,24,
92,Ryan Tannehill,TEN,QB,33,5,5,110,173,1251,6,3,17,130,7.65,1,0,0,0,,0,3,3,1,,1,83,83,95,86,,25,
93,Mac Jones,NWE,QB,23,6,6,150,211,1472,7,6,10,26,2.6,0,0,0,0,,0,3,1,0,,1,77,77.5,87.5,83.5,,26,
94,Ben Roethlisberger,PIT,QB,39,6,6,153,235,1515,7,4,8,6,0.75,0,0,0,0,,0,5,3,0,,,75,75.2,85.2,79.2,,27,
95,Jimmy Garoppolo,SFO,QB,30,4,4,78,118,925,5,2,15,26,1.73,1,0,0,0,,0,3,2,1,,,58,57.6,64.6,59.6,,28,
96,Jacoby Brissett,MIA,QB,29,6,3,104,159,883,4,2,16,57,3.56,1,0,0,0,,0,4,2,1,,1,57,57,64,59,,29,
97,Zack Moss,BUF,RB,24,4,0,0,0,0,0,0,46,184,4,3,10,8,94,11.75,1,1,1,4,,,50,57.8,61.8,53.8,,24,
98,Josh Jacobs,LVR,RB,23,4,4,0,0,0,0,0,54,175,3.24,4,13,11,71,6.45,0,0,0,4,,,49,59.6,62.6,54.1,,25,
99,Zach Wilson,NYJ,QB,22,5,5,98,171,1117,4,9,8,22,2.75,0,0,0,0,,0,2,0,0,1,1,49,48.9,60.9,57.9,,30,
100,Keenan Allen,LAC,WR,29,6,6,0,0,0,0,0,0,0,,0,58,39,419,10.74,1,1,0,1,,,48,86.9,89.9,67.4,,31,
101,Corey Davis,NYJ,WR,26,5,5,0,0,0,0,0,0,0,,0,36,20,302,15.1,3,1,0,3,,,48,68.2,71.2,58.2,,30,
102,Latavius Murray,BAL,RB,31,6,3,0,0,0,0,0,59,212,3.59,4,5,4,25,6.25,0,0,0,4,,,48,51.7,54.7,49.7,,26,
103,Michael Pittman Jr.,IND,WR,24,6,6,0,0,0,0,0,2,8,4,0,46,31,403,13,1,0,0,1,,,47,78.1,81.1,62.6,,32,
104,Darrel Williams,KAN,RB,26,6,1,0,0,0,0,0,47,161,3.43,4,14,10,72,7.2,0,0,0,4,,,47,57.3,60.3,52.3,,28,
105,Jamaal Williams,DET,RB,26,6,6,0,0,0,0,0,59,255,4.32,2,18,16,99,6.19,0,0,0,2,,,47,63.4,66.4,55.4,,27,
106,Chase Edmonds,ARI,RB,25,6,6,0,0,0,0,0,53,316,5.96,0,30,26,163,6.27,0,1,1,0,,,46,71.9,78.9,58.9,,29,
107,Hunter Renfrow,LVR,WR,26,6,2,0,0,0,0,0,0,0,,0,43,31,341,11,2,1,0,2,,,46,77.1,80.1,61.6,,34,
108,Jaylen Waddle,MIA,WR,23,6,6,0,0,0,0,0,1,2,2,0,49,37,301,8.14,3,2,1,3,,,46,83.3,87.3,64.8,,33,
109,Clyde Edwards-Helaire,KAN,RB,22,5,5,0,0,0,0,0,65,304,4.68,0,10,8,61,7.63,2,2,2,2,,,45,52.5,57.5,48.5,,30,
110,Trey Lance,SFO,QB,21,4,1,25,48,354,3,1,27,133,4.93,1,0,0,0,,0,0,0,1,1,,45,45.5,52.5,46.5,,31,
111,Chase Claypool,PIT,WR,23,5,4,0,0,0,0,0,2,22,11,0,42,22,358,16.27,1,0,0,1,,,44,66,69,55,,36,
112,J.D. McKissic,WAS,RB,28,6,1,0,0,0,0,0,25,100,4,1,28,21,215,10.24,1,0,0,2,,,44,64.5,70.5,54,,31,
113,K.J. Osborn,MIN,WR,24,6,3,0,0,0,0,0,1,10,10,0,35,26,311,11.96,2,0,0,2,,,44,70.1,73.1,57.1,,35,
114,Kendrick Bourne,NWE,WR,26,6,2,0,0,0,0,0,2,28,14,0,24,18,282,15.67,2,0,0,2,,,43,61,64,52,,38,
115,Stefon Diggs,BUF,WR,28,5,5,0,0,0,0,0,0,0,,0,47,28,374,13.36,1,1,0,1,,,43,71.4,74.4,57.4,,37,
116,Justin Fields,CHI,QB,22,6,4,53,99,632,2,3,26,102,3.92,1,0,0,0,,0,3,0,1,,,43,43.5,52.5,46.5,,32,
117,Myles Gaskin,MIA,RB,24,6,4,0,0,0,0,0,39,176,4.51,0,32,24,136,5.67,2,1,0,2,,,43,67.2,73.2,55.2,,32,
118,Alexander Mattison,MIN,RB,23,6,2,0,0,0,0,0,68,268,3.94,0,17,15,120,8,1,1,1,1,,,43,57.8,64.8,50.3,,34,
119,Davis Mills,HOU,QB,23,5,4,88,139,912,5,7,7,8,1.14,0,0,0,0,,0,2,0,0,,,43,43.3,53.3,50.3,,33,
120,Javonte Williams,DEN,RB,21,6,0,0,0,0,0,0,65,300,4.62,1,15,14,90,6.43,0,1,1,1,,,43,57,61,50,,33,
121,Chris Carson,SEA,RB,27,4,4,0,0,0,0,0,54,232,4.3,3,6,6,29,4.83,0,1,1,3,,,42,48.1,52.1,45.1,,37,
122,Chuba Hubbard,CAR,RB,22,6,3,0,0,0,0,0,72,281,3.9,1,19,13,82,6.31,0,0,0,1,,,42,55.3,58.3,48.8,,36,
123,Christian McCaffrey,CAR,RB,25,3,3,0,0,0,0,0,52,201,3.87,1,17,16,163,10.19,0,0,0,1,,,42,58.4,64.4,50.4,,35,
124,Rondale Moore,ARI,WR,21,6,2,0,0,0,0,0,9,60,6.67,0,28,24,286,11.92,1,2,0,1,,,41,64.6,67.6,52.6,,39,
125,Miles Sanders,PHI,RB,24,6,6,0,0,0,0,0,57,270,4.74,0,23,18,121,6.72,0,0,0,0,1,,41,59.1,65.1,50.1,,38,
126,DeVonta Smith,PHI,WR,23,6,6,0,0,0,0,0,0,0,,0,44,27,345,12.78,1,1,1,1,1,,41,67.5,71.5,54,,40,
127,Marquez Callaway,NOR,WR,23,5,4,0,0,0,0,0,0,0,,0,21,13,222,17.08,3,0,0,3,,,40,53.2,56.2,46.7,,41,
128,Alex Collins,SEA,RB,27,5,2,0,0,0,0,0,48,225,4.69,2,6,5,56,11.2,0,0,0,2,,,40,45.1,48.1,42.6,,39,
129,Tyrod Taylor,HOU,QB,32,2,2,31,44,416,3,0,5,55,11,1,0,0,0,,0,1,0,1,,,40,40.1,43.1,40.1,,34,
130,Mike Davis,ATL,RB,28,5,4,0,0,0,0,0,62,204,3.29,1,24,18,88,4.89,1,1,1,2,,,39,57.2,61.2,48.2,,40,
131,Kenyan Drake,LVR,RB,27,6,2,0,0,0,0,0,28,91,3.25,1,20,15,177,11.8,1,0,0,2,,,39,53.8,56.8,46.3,,41,
132,Van Jefferson,LAR,WR,25,6,6,0,0,0,0,0,0,0,,0,26,17,261,15.35,2,0,0,2,,,38,55.1,58.1,46.6,,44,
133,Jakobi Meyers,NWE,WR,25,6,5,2,2,45,0,0,0,0,,0,52,36,346,9.61,0,0,0,0,1,,38,74.4,77.4,56.4,,42,
134,Darnell Mooney,CHI,WR,24,6,5,0,0,0,0,0,1,10,10,0,39,25,306,12.24,1,0,0,1,,,38,62.6,65.6,50.1,,45,
135,Zach Pascal,IND,WR,27,6,6,0,0,0,0,0,0,0,,0,29,18,204,11.33,3,0,0,3,,,38,56.4,59.4,47.4,,43,
136,Tua Tagovailoa,MIA,QB,23,3,3,50,78,544,3,2,7,23,3.29,1,0,0,0,,0,0,0,1,,,38,38.1,43.1,40.1,,35,
137,AJ Dillon,GNB,RB,23,6,0,0,0,0,0,0,49,225,4.59,0,10,9,88,9.78,1,0,0,1,,,37,46.3,49.3,41.8,,42,
138,Devin Singletary,BUF,RB,24,5,4,0,0,0,0,0,55,284,5.16,1,13,8,22,2.75,0,4,0,1,,,37,44.6,47.6,40.6,,43,
139,Kenneth Gainwell,PHI,RB,22,6,0,0,0,0,0,0,21,100,4.76,2,23,15,123,8.2,0,0,0,2,1,,36,51.3,57.3,43.8,,44,
140,Deonte Harris,NOR,WR,24,5,0,0,0,0,0,0,1,1,1,0,16,12,236,19.67,2,0,0,2,,,36,47.7,50.7,41.7,,46,
141,Tyler Boyd,CIN,WR,27,6,4,0,0,0,0,0,0,0,,0,38,28,290,10.36,1,0,0,1,,,35,63,66,49,,48,
142,Michael Carter,NYJ,RB,22,5,3,0,0,0,0,0,47,165,3.51,2,14,9,64,7.11,0,0,0,2,,,35,43.9,46.9,39.4,,46,
143,Mark Ingram,HOU,RB,32,6,6,0,0,0,0,0,86,285,3.31,1,6,4,6,1.5,0,0,0,1,,,35,39.1,42.1,37.1,,45,
144,Kalif Raymond,DET,WR,27,6,6,0,0,0,0,0,1,9,9,0,31,20,219,10.95,2,0,0,2,,,35,54.8,57.8,44.8,,49,
145,Sterling Shepard,NYG,WR,28,4,4,0,0,0,0,0,1,-9,-9,0,36,28,299,10.68,1,0,0,1,,,35,63,66,49,,47,
146,C.J. Uzomah,CIN,TE,28,6,6,0,0,0,0,0,0,0,,0,16,14,165,11.79,3,0,0,3,,,35,48.5,51.5,41.5,,13,
147,Quintez Cephus,DET,WR,23,5,3,0,0,0,0,0,0,0,,0,22,15,204,13.6,2,0,0,2,1,,34,49.4,52.4,41.9,,50,
148,Dallas Goedert,PHI,TE,26,5,4,0,0,0,0,0,0,0,,0,19,15,216,14.4,2,1,0,2,,,34,48.6,51.6,41.1,,14,
149,Mo Alie-Cox,IND,TE,28,6,2,0,0,0,0,0,0,0,,0,18,10,152,15.2,3,0,0,3,,,33,43.2,46.2,38.2,,15,
150,Mecole Hardman,KAN,WR,23,6,4,0,0,0,0,0,4,33,8.25,0,35,26,261,10.04,1,1,1,1,,,33,59.4,63.4,46.4,,51,
151,David Njoku,CLE,TE,25,6,5,0,0,0,0,0,0,0,,0,19,15,266,17.73,1,0,0,1,,,33,47.6,50.6,40.1,,16,
152,Donovan Peoples-Jones,CLE,WR,22,6,3,0,0,0,0,0,0,0,,0,15,13,228,17.54,2,1,1,2,,,33,45.8,49.8,39.3,,53,
153,Laviska Shenault Jr.,JAX,WR,23,6,3,0,0,0,0,0,3,20,6.67,0,41,26,306,11.77,0,0,0,0,,,33,58.6,61.6,45.6,,54,
154,Kadarius Toney,NYG,WR,22,6,1,0,1,0,0,0,2,8,4,0,30,23,317,13.78,0,0,0,0,,,33,55.5,58.5,44,,55,
155,Quez Watkins,PHI,WR,23,6,5,0,0,0,0,0,0,0,,0,22,16,311,19.44,0,0,0,0,1,,33,49.1,52.1,41.1,,52,
156,Tyler Higbee,LAR,TE,28,6,6,0,0,0,0,0,0,0,,0,25,22,202,9.18,2,1,0,2,,,32,54.2,57.2,43.2,,17,
157,Calvin Ridley,ATL,WR,27,4,4,0,0,0,0,0,0,0,,0,42,27,255,9.44,1,0,0,1,,,32,58.5,61.5,45,,56,
158,Damien Williams,CHI,RB,29,5,1,0,0,0,0,0,32,137,4.28,2,13,10,61,6.1,0,0,0,2,,,32,41.8,44.8,36.8,,47,
159,Robby Anderson,CAR,WR,28,6,6,0,0,0,0,0,1,3,3,0,40,15,190,12.67,2,0,0,2,,,31,46.3,49.3,38.8,,58,
160,Zach Ertz,PHI,TE,31,6,3,0,0,0,0,0,0,0,,0,31,18,189,10.5,2,0,0,2,,,31,48.9,51.9,39.9,,18,
161,Tee Higgins,CIN,WR,22,4,4,0,0,0,0,0,0,0,,0,28,18,194,10.78,2,1,1,2,1,,31,49.4,53.4,40.4,,57,
162,Cedrick Wilson Jr.,DAL,WR,26,6,2,1,1,22,0,0,2,11,5.5,0,19,14,168,12,2,1,0,2,,,31,44.8,47.8,37.8,,59,
163,Tyler Conklin,MIN,TE,26,6,5,0,0,0,0,0,0,0,,0,30,22,240,10.91,1,0,0,1,,,30,52,55,41,,19,
164,Bryan Edwards,LVR,WR,23,6,5,0,0,0,0,0,0,0,,0,27,15,303,20.2,0,0,0,0,,,30,45.3,48.3,37.8,,60,
165,DeVante Parker,MIA,WR,28,4,4,0,0,0,0,0,0,0,,0,32,17,242,14.24,1,0,0,1,,,30,47.2,50.2,38.7,,61,
166,Nelson Agholor,NWE,WR,28,6,5,0,0,0,0,0,2,5,2.5,0,30,17,224,13.18,1,0,0,1,,,29,45.9,48.9,37.4,,64,
167,Allen Robinson,CHI,WR,28,6,6,0,0,0,0,0,0,0,,0,36,21,234,11.14,1,0,0,1,,,29,50.4,53.4,39.9,,62,
168,Sammy Watkins,BAL,WR,28,5,5,0,0,0,0,0,0,0,,0,32,18,292,16.22,0,0,0,0,,,29,47.2,50.2,38.2,,63,
169,Ty'Son Williams,BAL,RB,25,4,3,0,0,0,0,0,31,170,5.48,1,9,7,60,8.57,0,1,0,1,,,29,36,39,32.5,,48,
170,Devontae Booker,NYG,RB,29,5,1,0,0,0,0,0,35,105,3,1,11,10,58,5.8,1,0,0,2,,,28,38.3,41.3,33.3,,49,
171,Randall Cobb,GNB,WR,31,6,0,0,0,0,0,0,1,1,1,0,14,11,157,14.27,2,0,0,2,,,28,38.8,41.8,33.3,,67,
172,Kenny Golladay,NYG,WR,28,5,5,0,0,0,0,0,0,0,,0,29,17,282,16.59,0,0,0,0,,,28,45.2,48.2,36.7,,65,
173,Taysom Hill,NOR,QB,31,5,4,3,4,12,0,1,16,77,4.81,3,4,3,37,12.33,0,0,0,3,,,28,30.9,31.9,30.4,,36,
174,DeSean Jackson,LAR,WR,35,6,0,0,0,0,0,0,0,0,,0,14,8,221,27.63,1,0,0,1,,,28,36.1,39.1,32.1,,66,
175,Elijah Mitchell,SFO,RB,23,3,2,0,0,0,0,0,45,189,4.2,1,4,4,30,7.5,0,0,0,1,,,28,31.9,34.9,29.9,,50,
176,DJ Chark,JAX,WR,25,4,4,0,0,0,0,0,0,0,,0,22,7,154,22,2,0,0,2,,,27,34.4,37.4,30.9,,68,
177,Nyheim Hines,IND,RB,25,6,0,0,0,0,0,0,26,101,3.88,1,21,15,133,8.87,0,1,1,1,,,27,42.4,49.4,34.9,,51,
178,Sony Michel,LAR,RB,26,6,1,0,0,0,0,0,54,205,3.8,1,5,4,20,5,0,1,1,1,,,27,30.5,34.5,28.5,,52,
179,Byron Pringle,KAN,WR,28,6,2,0,0,0,0,0,0,0,,0,17,12,170,14.17,2,2,1,2,,,27,39,43,33,,70,
180,Freddie Swain,SEA,WR,23,6,2,0,0,0,0,0,3,21,7,0,18,12,130,10.83,2,1,0,2,,,27,39.1,42.1,33.1,,69,
181,Jeremy McNichols,TEN,RB,26,5,0,0,0,0,0,0,7,38,5.43,0,23,17,160,9.41,1,0,0,1,,,26,42.8,45.8,34.3,,53,
182,Ricky Seals-Jones,WAS,TE,26,6,2,0,0,0,0,0,0,0,,0,20,12,137,11.42,2,0,0,2,,,26,37.7,40.7,31.7,,20,
183,Devin Duvernay,BAL,WR,24,6,4,0,0,0,0,0,1,11,11,0,18,12,119,9.92,1,1,0,2,,,25,37,40,31,,71,
184,Khalil Herbert,CHI,RB,23,6,1,0,0,0,0,0,40,179,4.48,1,3,2,15,7.5,0,0,0,1,,,25,27.4,30.4,26.4,,54,
185,David Johnson,HOU,RB,30,6,0,0,0,0,0,0,20,79,3.95,0,18,14,127,9.07,1,1,1,1,,,25,38.6,42.6,31.6,,55,
186,Phillip Lindsay,HOU,RB,27,6,0,0,0,0,0,0,36,89,2.47,1,4,3,37,12.33,1,0,0,2,,,25,27.6,27.6,26.1,,56,
187,Demarcus Robinson,KAN,WR,27,6,6,0,0,0,0,0,0,0,,0,16,10,126,12.6,2,0,0,2,,,25,34.6,37.6,29.6,,73,
188,Chester Rogers,TEN,WR,27,5,0,0,0,0,0,0,1,9,9,0,20,13,179,13.77,1,0,0,1,,,25,37.8,40.8,31.3,,72,
189,Maxx Williams,ARI,TE,27,5,5,0,0,0,0,0,0,0,,0,17,16,193,12.06,1,0,0,1,,,25,41.3,44.3,33.3,,21,
190,Giovani Bernard,TAM,RB,30,5,0,0,0,0,0,0,4,21,5.25,0,19,17,97,5.71,2,1,0,2,,,24,40.8,40.8,32.3,,57,
191,Juwan Johnson,NOR,TE,25,5,0,0,0,0,0,0,0,0,,0,11,6,64,10.67,3,0,0,3,,,24,30.4,30.4,27.4,,22,
192,George Kittle,SFO,TE,28,4,4,0,0,0,0,0,1,9,9,0,28,19,227,11.95,0,1,0,0,,,24,42.6,45.6,33.1,,23,
193,Jamal Agnew,JAX,WR,26,6,1,0,0,0,0,0,2,19,9.5,0,14,12,146,12.17,0,1,0,1,,,23,34.5,37.5,28.5,,74,
194,Peyton Barber,LVR,RB,27,3,0,0,0,0,0,0,37,143,3.86,1,5,3,31,10.33,0,1,0,1,,,23,26.4,29.4,24.9,,58,
195,Cole Beasley,BUF,WR,32,5,2,0,0,0,0,0,0,0,,0,34,26,215,8.27,0,0,0,0,,,22,47.5,50.5,34.5,,78,
196,Odell Beckham Jr.,CLE,WR,29,4,4,0,0,0,0,0,2,14,7,0,27,14,203,14.5,0,0,0,0,,,22,35.7,38.7,28.7,,77,
197,Parris Campbell,IND,WR,24,5,3,0,0,0,0,0,0,0,,0,17,10,162,16.2,1,0,0,1,,,22,32.2,35.2,27.2,,76,
198,Pat Freiermuth,PIT,TE,23,6,3,0,0,0,0,0,0,0,,0,20,18,158,8.78,1,0,0,1,,,22,39.8,42.8,30.8,,24,
199,Donald Parham,LAC,TE,24,6,4,0,0,0,0,0,0,0,,0,9,7,75,10.71,2,0,0,2,1,,22,28.5,28.5,25,,26,
200,Amon-Ra St. Brown,DET,WR,22,6,1,0,0,0,0,0,0,0,,0,33,24,204,8.5,0,0,0,0,1,,22,46.4,49.4,34.4,,75,
201,Logan Thomas,WAS,TE,30,4,4,0,0,0,0,0,0,0,,0,14,12,117,9.75,2,1,1,2,,,22,33.7,37.7,27.7,,25,
202,Blake Jarwin,DAL,TE,27,6,4,0,0,0,0,0,0,0,,0,14,10,90,9,2,0,0,2,,,21,31,31,26,,27,
203,Ty Johnson,NYJ,RB,24,5,1,0,0,0,0,0,26,95,3.65,1,13,6,51,8.5,0,1,0,1,,,21,26.6,26.6,23.6,,60,
204,Kyle Juszczyk,SFO,RB,30,5,5,0,0,0,0,0,7,16,2.29,0,16,14,135,9.64,1,0,0,1,,,21,35.1,38.1,28.1,,59,
205,Jalen Reagor,PHI,WR,22,6,5,0,0,0,0,0,1,12,12,0,28,17,140,8.24,1,0,0,1,,,21,38.2,41.2,29.7,,79,
206,Rashard Higgins,CLE,WR,27,6,0,0,0,0,0,0,0,0,,0,19,11,143,13,1,0,0,1,,,20,31.3,34.3,25.8,,81,
207,Julio Jones,TEN,WR,32,3,3,0,0,0,0,0,0,0,,0,18,12,204,17,0,0,0,0,,,20,32.4,35.4,26.4,,80,
208,Samaje Perine,CIN,RB,26,5,0,0,0,0,0,0,20,87,4.35,0,9,7,54,7.71,1,0,0,1,,,20,27.1,27.1,23.6,,61,
209,Trey Sermon,SFO,RB,22,4,2,0,0,0,0,0,31,135,4.35,1,3,2,3,1.5,0,0,0,1,,,20,21.8,24.8,20.8,,62,
210,Geno Smith,SEA,QB,31,2,1,33,49,340,2,1,4,22,5.5,0,0,0,0,,0,1,1,0,,,20,19.8,24.8,20.8,,37,
211,Jonnu Smith,NWE,TE,26,6,4,0,0,0,0,0,2,11,5.5,0,25,16,124,7.75,1,1,0,1,,,20,35.5,38.5,27.5,,28,
212,JuJu Smith-Schuster,PIT,WR,25,5,5,0,0,0,0,0,3,9,3,1,28,15,129,8.6,0,0,0,1,,,20,34.8,37.8,27.3,,83,
213,Brandon Zylstra,CAR,WR,28,6,0,0,0,0,0,0,0,0,,0,8,8,139,17.38,1,0,0,1,,,20,27.9,30.9,23.9,,82,
214,A.J. Brown,TEN,WR,24,4,4,0,0,0,0,0,1,3,3,0,25,10,130,13,1,0,0,1,,,19,29.3,32.3,24.3,,84,
215,Malcolm Brown,MIA,RB,28,6,2,0,0,0,0,0,30,115,3.83,1,4,2,11,5.5,0,0,0,1,,,19,20.6,23.6,19.6,,66,
216,Devonta Freeman,BAL,RB,29,5,0,0,0,0,0,0,16,95,5.94,1,6,3,34,11.33,0,0,0,1,,,19,21.9,21.9,20.4,,65,
217,Ronald Jones II,TAM,RB,24,6,1,0,0,0,0,0,31,118,3.81,1,5,3,33,11,0,1,1,1,,,19,22.1,26.1,20.6,,64,
218,Darius Slayton,NYG,WR,24,3,0,0,0,0,0,0,0,0,,0,14,7,127,18.14,1,0,0,1,,,19,25.7,28.7,22.2,,85,
219,Tommy Tremble,CAR,TE,23,6,4,0,0,0,0,0,2,7,3.5,1,8,3,42,14,1,0,0,2,1,,19,21.9,21.9,20.4,,29,
220,James White,NWE,RB,29,3,0,0,0,0,0,0,10,38,3.8,1,14,12,94,7.83,0,0,0,1,,,19,31.2,31.2,25.2,,63,
221,Dan Arnold,2TM,TE,26,6,1,0,0,0,0,0,0,0,,0,26,17,204,12,0,1,1,0,,,18,35.4,39.4,26.9,,30,
222,Will Dissly,SEA,TE,25,6,6,0,0,0,0,0,0,0,,0,12,10,118,11.8,1,1,0,1,,,18,27.8,30.8,22.8,,32,
223,Chris Evans,CIN,RB,24,6,0,0,0,0,0,0,4,18,4.5,0,8,8,104,13,1,0,0,1,,,18,26.2,29.2,22.2,,67,
224,Gerald Everett,SEA,TE,27,4,4,0,0,0,0,0,0,0,,0,12,10,117,11.7,1,0,0,1,,,18,27.7,30.7,22.7,,33,
225,Austin Hooper,CLE,TE,27,6,6,0,0,0,0,0,0,0,,0,19,12,101,8.42,1,0,0,1,1,,18,30.1,33.1,24.1,,31,
226,Allen Lazard,GNB,WR,26,6,5,0,0,0,0,0,0,0,,0,15,10,124,12.4,1,0,0,1,,,18,28.4,31.4,23.4,,86,
227,Chris Moore,HOU,WR,28,3,0,0,0,0,0,0,0,0,,0,10,9,123,13.67,1,0,0,1,,,18,27.3,30.3,22.8,,87,
228,Braxton Berrios,NYJ,WR,26,5,0,0,0,0,0,0,2,15,7.5,0,23,16,156,9.75,0,0,0,0,,,17,33.1,36.1,25.1,,89,
229,Chris Conley,HOU,WR,29,6,4,0,0,0,0,0,0,0,,0,12,7,134,19.14,1,1,1,1,,,17,24.4,28.4,20.9,,88,
230,Jamison Crowder,NYJ,WR,28,2,0,0,0,0,0,0,0,0,,0,15,11,85,7.73,1,0,0,1,1,,17,27.5,27.5,22,,90,
231,Joe Fortson,KAN,TE,26,6,0,0,0,0,0,0,0,0,,0,5,5,47,9.4,2,0,0,2,,,17,21.7,21.7,19.2,,34,
232,Brandon Aiyuk,SFO,WR,23,5,4,0,0,0,0,0,1,8,8,0,15,8,90,11.25,1,0,0,1,,,16,23.8,23.8,19.8,,93,
233,DeAndre Carter,WAS,WR,28,6,1,0,0,0,0,0,2,13,6.5,0,10,5,86,17.2,0,0,0,1,,,16,20.9,20.9,18.4,,92,
234,Keelan Cole,NYJ,WR,28,4,2,0,0,0,0,0,0,0,,0,9,7,160,22.86,0,0,0,0,,,16,23,26,19.5,,91,
235,O.J. Howard,TAM,TE,27,6,4,0,0,0,0,0,0,0,,0,13,10,100,10,1,0,0,1,,,16,26,29,21,,35,
236,MyCole Pruitt,TEN,TE,29,5,2,0,0,0,0,0,0,0,,0,6,6,78,13,1,0,0,1,1,,16,21.8,21.8,18.8,,36,
237,Andy Dalton,CHI,QB,34,3,2,37,50,270,1,1,4,38,9.5,0,0,0,0,,0,1,1,0,,,15,14.6,16.6,15.6,,38,
238,Demetric Felton,CLE,RB,23,6,0,0,0,0,0,0,0,0,,0,9,8,90,11.25,1,1,0,1,,,15,23,23,19,,68,
239,Jalen Guyton,LAC,WR,24,6,2,0,0,0,0,0,4,32,8,0,18,9,121,13.44,0,1,0,0,,,15,24.3,27.3,19.8,,95,
240,Kendall Hinton,DEN,WR,24,5,0,0,0,0,0,0,0,0,,0,12,9,90,10,1,0,0,1,,,15,24,24,19.5,,97,
241,Adam Humphries,WAS,WR,28,6,5,0,0,0,0,0,0,0,,0,22,15,149,9.93,0,0,0,0,,,15,29.9,32.9,22.4,,100,
242,Jarvis Landry,CLE,WR,29,2,2,0,0,0,0,0,2,13,6.5,1,6,6,80,13.33,0,0,0,1,,,15,21.3,21.3,18.3,,94,
243,John Ross,NYG,WR,26,3,0,0,0,0,0,0,0,0,,0,11,4,90,22.5,1,1,0,1,,,15,19,19,17,,98,
244,Robert Tonyan,GNB,TE,27,6,4,0,0,0,0,0,0,0,,0,20,11,92,8.36,1,0,0,1,,,15,26.2,26.2,20.7,,37,
245,Greg Ward,PHI,WR,26,6,0,0,1,0,0,0,0,0,,0,3,2,30,15,2,0,0,2,,,15,17,17,16,,96,
246,Olamide Zaccheaus,ATL,WR,24,5,2,0,0,0,0,0,0,0,,0,17,8,89,11.13,1,0,0,1,,,15,22.9,22.9,18.9,,99,
247,Gabriel Davis,BUF,WR,22,5,1,0,0,0,0,0,0,0,,0,8,4,79,19.75,1,0,0,1,,,14,17.9,17.9,15.9,,101,
248,Jack Doyle,IND,TE,31,6,5,0,0,0,0,0,0,0,,0,17,11,123,11.18,0,0,0,0,1,,14,25.3,28.3,19.8,,38,
249,Jamycal Hasty,SFO,RB,25,2,0,0,0,0,0,0,6,41,6.83,1,6,5,36,7.2,0,0,0,1,,,14,18.7,18.7,16.2,,70,
250,Travis Homer,SEA,RB,23,6,0,0,0,0,0,0,4,37,9.25,0,7,7,102,14.57,0,0,0,0,,,14,20.9,23.9,17.4,,69,
251,Hayden Hurst,ATL,TE,28,5,3,0,0,0,0,0,0,0,,0,15,13,103,7.92,1,3,1,1,,,14,27.3,31.3,20.8,,39,
252,Rhamondre Stevenson,NWE,RB,23,3,0,0,0,0,0,0,17,48,2.82,1,4,4,48,12,0,1,1,1,,,14,17.6,18.6,15.6,,71,
253,Marquez Valdes-Scantling,GNB,WR,27,3,3,0,0,0,0,0,0,0,,0,16,6,76,12.67,1,0,0,1,,,14,19.6,19.6,16.6,,103,
254,Nick Westbrook-Ikhine,TEN,WR,24,4,2,0,0,0,0,0,0,0,,0,15,9,98,10.89,1,1,1,1,,,14,22.8,23.8,18.3,,102,
255,Zay Jones,LVR,WR,26,6,0,0,0,0,0,0,0,0,,0,6,5,72,14.4,1,0,0,1,,,13,18.2,18.2,15.7,,104,
256,Cole Kmet,CHI,TE,22,6,6,0,0,0,0,0,1,0,0,0,24,14,130,9.29,0,0,0,0,,,13,27,30,20,,40,
257,Salvon Ahmed,MIA,RB,23,6,0,0,0,0,0,0,21,49,2.33,0,13,7,67,9.57,0,0,0,0,,,12,18.6,18.6,15.1,,73,
258,Carlos Hyde,JAX,RB,31,5,0,0,0,0,0,0,24,108,4.5,0,5,2,14,7,0,0,0,0,,,12,14.2,17.2,13.2,,72,
259,Terrace Marshall Jr.,CAR,WR,21,6,3,0,0,0,0,0,0,0,,0,22,14,116,8.29,0,0,0,0,,,12,25.6,28.6,18.6,,106,
260,James Proche,BAL,WR,25,6,0,0,0,0,0,0,0,0,,0,10,8,118,14.75,0,0,0,0,,,12,19.8,22.8,15.8,,105,
261,Ian Thomas,CAR,TE,25,6,3,0,0,0,0,0,0,0,,0,14,10,120,12,0,0,0,0,,,12,22,25,17,,41,
262,Brandon Bolden,NWE,RB,31,6,0,0,0,0,0,0,8,28,3.5,0,15,14,83,5.93,0,0,0,0,,,11,25.1,25.1,18.1,,74,
263,Cameron Brate,TAM,TE,30,6,1,0,0,0,0,0,0,0,,0,17,11,110,10,0,0,0,0,,,11,22,25,16.5,,43,
264,Ross Dwelley,SFO,TE,26,5,2,0,0,0,0,0,0,0,,0,3,3,46,15.33,1,0,0,1,,,11,13.6,13.6,12.1,,46,
265,Eric Ebron,PIT,TE,28,6,2,0,0,0,0,0,1,1,1,1,13,7,47,6.71,0,0,0,1,,,11,17.8,17.8,14.3,,44,
266,Tyler Johnson,TAM,WR,23,6,0,0,0,0,0,0,0,0,,0,14,7,110,15.71,0,0,0,0,,,11,18,21,14.5,,107,
267,Marlon Mack,IND,RB,25,4,0,0,0,0,0,0,25,97,3.88,0,5,2,8,4,0,0,0,0,,,11,12.5,12.5,11.5,,75,
268,Foster Moreau,LVR,TE,24,6,2,0,0,0,0,0,0,0,,0,6,4,53,13.25,1,0,0,1,,,11,15.3,15.3,13.3,,42,
269,Lee Smith,ATL,TE,34,5,2,0,0,0,0,0,0,0,,0,7,7,46,6.57,1,0,0,1,,,11,17.6,17.6,14.1,,45,
270,James Washington,PIT,WR,25,5,1,0,0,0,0,0,0,0,,0,14,10,108,10.8,0,0,0,0,,,11,20.8,23.8,15.8,,108,
271,Danny Amendola,HOU,WR,36,2,0,0,0,0,0,0,0,0,,0,6,6,43,7.17,1,0,0,1,,,10,16.3,16.3,13.3,,109,
272,Pharaoh Brown,HOU,TE,27,6,5,0,0,0,0,0,0,0,,0,15,9,103,11.44,0,0,0,0,,,10,19.3,22.3,14.8,,48,
273,DeeJay Dallas,SEA,RB,23,6,0,0,0,0,0,0,9,29,3.22,0,8,8,70,8.75,0,1,0,0,,,10,17.9,17.9,13.9,,76,
274,Ashton Dulin,IND,WR,24,6,1,0,0,0,0,0,1,-7,-7,0,6,5,47,9.4,0,0,0,1,,,10,15,15,12.5,,111,
275,Evan Engram,NYG,TE,27,4,3,0,0,0,0,0,1,-3,-3,0,21,14,127,9.07,0,1,1,0,,,10,24.4,28.4,17.4,,47,
276,Chris Hogan,NOR,WR,34,5,1,0,0,0,0,0,0,0,,0,8,4,41,10.25,1,0,0,1,,,10,14.1,14.1,12.1,,110,
277,Chris Manhertz,JAX,TE,29,6,6,0,0,0,0,0,0,0,,0,4,3,40,13.33,1,0,0,1,,,10,13,13,11.5,,49,
278,Albert Okwuegbunam,DEN,TE,23,4,1,0,0,0,0,0,0,0,,0,10,9,57,6.33,1,1,1,1,,,10,18.7,19.7,14.2,,51,
279,Kyle Rudolph,NYG,TE,32,6,4,0,0,0,0,0,0,0,,0,13,8,79,9.88,0,0,0,0,1,,10,17.9,17.9,13.9,,50,
280,Mohamed Sanu,SFO,WR,32,5,0,0,0,0,0,0,0,0,,0,16,10,97,9.7,0,0,0,0,,,10,19.7,19.7,14.7,,113,
281,Durham Smythe,MIA,TE,26,6,4,0,0,0,0,0,0,0,,0,14,10,97,9.7,0,0,0,0,,,10,19.7,19.7,14.7,,52,
282,Auden Tate,CIN,WR,24,6,0,0,0,0,0,0,0,0,,0,4,3,39,13,1,0,0,1,,,10,12.9,12.9,11.4,,112,
283,Jordan Akins,HOU,TE,29,6,1,0,0,0,0,0,1,3,3,0,18,12,111,9.25,0,1,1,0,,,9,21.4,25.4,15.4,,53,
284,Cameron Batson,TEN,WR,26,3,0,0,0,0,0,0,2,15,7.5,0,5,2,15,7.5,1,0,0,1,,,9,11,11,10,,118,
285,Le'Veon Bell,BAL,RB,29,2,0,0,0,0,0,0,12,29,2.42,1,1,0,0,,0,0,0,1,,,9,8.9,8.9,8.9,,79,
286,Noah Brown,DAL,WR,25,5,0,0,0,0,0,0,0,0,,0,7,6,92,15.33,0,0,0,0,,,9,15.2,15.2,12.2,,116,
287,Tevin Coleman,NYJ,RB,28,4,1,0,0,0,0,0,21,73,3.48,0,3,2,17,8.5,0,0,0,0,,,9,11,11,10,,78,
288,Jauan Jennings,SFO,WR,24,4,0,0,0,0,0,0,0,0,,0,3,3,31,10.33,1,0,0,1,,,9,12.1,12.1,10.6,,117,
289,Tony Jones,NOR,RB,24,4,1,0,0,0,0,0,19,77,4.05,0,6,4,10,2.5,0,0,0,0,,,9,12.7,12.7,10.7,,80,
290,Elijhaa Penny,NYG,RB,28,6,2,0,0,0,0,0,8,30,3.75,1,3,1,1,1,0,0,0,1,,,9,10.1,10.1,9.6,,77,
291,Anthony Schwartz,CLE,WR,21,6,0,0,0,0,0,0,2,14,7,0,12,5,80,16,0,0,0,0,,,9,14.4,14.4,11.9,,114,
292,Trent Sherfield,SFO,WR,25,5,0,0,0,0,0,0,0,0,,0,8,3,32,10.67,1,0,0,1,,,9,12.2,12.2,10.7,,115,
293,Mitchell Trubisky,BUF,QB,27,3,0,2,2,9,0,0,10,27,2.7,1,0,0,0,,0,0,0,1,,,9,9.1,9.1,9.1,,39,
294,Dyami Brown,WAS,WR,22,5,4,0,0,0,0,0,1,-4,-4,0,20,8,81,10.13,0,0,0,0,,,8,15.7,15.7,11.7,,123,
295,Nico Collins,HOU,WR,22,3,2,0,0,0,0,0,0,0,,0,10,6,83,13.83,0,0,0,0,,,8,14.3,14.3,11.3,,120,
296,Anthony Firkser,TEN,TE,26,3,1,0,0,0,0,0,0,0,,0,13,9,75,8.33,0,0,0,0,,,8,16.5,16.5,12,,56,
297,Mike Glennon,NYG,QB,32,1,0,16,25,196,1,2,2,2,1,0,0,0,0,,0,1,0,0,,,8,8,10,10,,40,
298,T.Y. Hilton,IND,WR,32,1,1,0,0,0,0,0,0,0,,0,4,4,80,20,0,0,0,0,,,8,12,12,10,,122,
299,Jacob Hollister,JAX,TE,28,4,2,0,0,0,0,0,0,0,,0,9,4,21,5.25,1,0,0,1,,,8,12.1,12.1,10.1,,54,
300,Alec Ingold,LVR,RB,25,6,2,0,0,0,0,0,1,0,0,0,7,5,23,4.6,1,0,0,1,,,8,13.3,13.3,10.8,,81,
301,Andy Janovich,CLE,RB,28,5,2,0,0,0,0,0,2,0,0,1,1,0,0,,0,0,0,1,1,,8,8,8,8,,82,
302,Marcedes Lewis,GNB,TE,37,6,6,0,0,0,0,0,0,0,,0,7,6,77,12.83,0,0,0,0,,,8,13.7,13.7,10.7,,55,
303,Anthony Miller,HOU,WR,27,2,1,0,0,0,0,0,0,0,,0,11,5,23,4.6,1,0,0,1,,,8,13.3,13.3,10.8,,119,
304,Tajae Sharpe,ATL,WR,27,5,1,0,0,0,0,0,0,0,,0,10,8,82,10.25,0,0,0,0,,,8,16.2,16.2,12.2,,121,
305,Antony Auclair,HOU,TE,28,6,5,0,0,0,0,0,0,0,,0,1,1,11,11,1,0,0,1,,,7,8.1,8.1,7.6,,58,
306,Harrison Bryant,CLE,TE,23,6,2,0,0,0,0,0,0,0,,0,10,6,69,11.5,0,0,0,0,,,7,12.9,12.9,9.9,,59,
307,Marquise Goodwin,CHI,WR,31,6,0,0,0,0,0,0,2,-1,-0.5,0,13,7,75,10.71,0,0,0,0,,,7,14.4,14.4,10.9,,125,
308,KJ Hamler,DEN,WR,22,3,2,0,0,0,0,0,0,0,,0,10,5,74,14.8,0,0,0,0,,,7,12.4,12.4,9.9,,124,
309,KhaDarel Hodge,DET,WR,26,5,1,0,0,0,0,0,0,0,,0,11,5,48,9.6,0,0,0,0,1,,7,11.8,11.8,9.3,,131,
310,Mack Hollins,MIA,WR,28,6,2,0,0,0,0,0,0,0,,0,7,5,71,14.2,0,0,0,0,,,7,12.1,12.1,9.6,,129,
311,Jerry Jeudy,DEN,WR,22,1,1,0,0,0,0,0,0,0,,0,7,6,72,12,0,0,0,0,,,7,13.2,13.2,10.2,,128,
312,Collin Johnson,NYG,WR,24,4,0,0,0,0,0,0,0,0,,0,15,7,72,10.29,0,0,0,0,,,7,14.2,14.2,10.7,,127,
313,Denzel Mims,NYJ,WR,24,3,0,0,0,0,0,0,0,0,,0,4,3,73,24.33,0,0,0,0,,,7,10.3,10.3,8.8,,126,
314,Elijah Moore,NYJ,WR,21,4,3,0,0,0,0,0,0,0,,0,20,8,66,8.25,0,0,0,0,,,7,14.6,14.6,10.6,,133,
315,James O'Shaughnessy,JAX,TE,29,2,2,0,0,0,0,0,0,0,,0,9,7,72,10.29,0,0,0,0,,,7,14.2,14.2,10.7,,57,
316,Josh Reynolds,TEN,WR,26,3,0,0,0,0,0,0,0,0,,0,10,7,67,9.57,0,0,0,0,,,7,13.7,13.7,10.2,,132,
317,Preston Williams,MIA,WR,24,2,1,0,0,0,0,0,1,7,7,0,8,4,62,15.5,0,0,0,0,,,7,10.9,10.9,8.9,,130,
318,Tavon Austin,JAX,WR,31,3,0,0,0,0,0,0,0,0,,0,9,6,62,10.33,0,0,0,0,,,6,12.2,12.2,9.2,,134,
319,Trinity Benson,DET,WR,24,5,0,0,0,0,0,0,0,0,,0,15,6,55,9.17,0,0,0,0,,,6,11.5,11.5,8.5,,139,
320,C.J. Board,NYG,WR,28,6,1,0,0,0,0,0,1,6,6,0,6,4,51,12.75,0,0,0,0,,,6,9.7,9.7,7.7,,137,
321,C.J. Ham,MIN,RB,28,6,4,0,0,0,0,0,5,34,6.8,0,3,3,23,7.67,0,0,0,0,,,6,8.7,8.7,7.2,,84,
322,Chris Herndon,MIN,TE,25,6,0,0,0,0,0,0,0,0,,0,3,1,2,2,1,0,0,1,,,6,7.2,7.2,6.7,,62,
323,Jesper Horsted,CHI,TE,24,2,0,0,0,0,0,0,0,0,,0,1,1,2,2,1,0,0,1,,,6,7.2,7.2,6.7,,61,
324,Justin Jackson,LAC,RB,25,5,0,0,0,0,0,0,10,22,2.2,0,7,7,34,4.86,0,0,0,0,,,6,12.6,12.6,9.1,,85,
325,Ty Montgomery,NOR,WR,28,5,1,0,0,0,0,0,2,7,3.5,0,5,5,50,10,0,0,0,0,,,6,10.7,10.7,8.2,,138,
326,Josh Palmer,LAC,WR,23,6,0,0,0,0,0,0,0,0,,0,10,6,58,9.67,0,0,0,0,,,6,11.8,11.8,8.8,,136,
327,Larry Rountree,LAC,RB,22,5,0,0,0,0,0,0,24,60,2.5,0,2,1,-1,-1,0,0,0,0,,,6,6.9,6.9,6.4,,83,
328,Adam Trautman,NOR,TE,24,5,3,0,0,0,0,0,0,0,,0,10,6,64,10.67,0,0,0,0,,,6,12.4,12.4,9.4,,60,
329,Dede Westbrook,MIN,WR,28,6,0,0,0,0,0,0,0,0,,0,9,7,59,8.43,0,1,0,0,,,6,12.9,12.9,9.4,,135,
330,Ameer Abdullah,MIN,RB,28,6,0,0,0,0,0,0,7,30,4.29,0,4,3,17,5.67,0,0,0,0,,,5,7.7,7.7,6.2,,88,
331,Luke Farrell,JAX,TE,24,6,1,0,0,0,0,0,0,0,,0,6,5,46,9.2,0,1,0,0,,,5,9.6,9.6,7.1,,64,
332,Royce Freeman,CAR,RB,25,6,0,0,0,0,0,0,12,34,2.83,0,3,2,14,7,0,0,0,0,,,5,6.8,6.8,5.8,,86,
333,Will Fuller,MIA,WR,27,2,0,0,0,0,0,0,0,0,,0,8,4,26,6.5,0,0,0,0,1,,5,8.6,8.6,6.6,,144,
334,Ryan Griffin,NYJ,TE,31,5,5,0,0,0,0,0,0,0,,0,15,8,49,6.13,0,1,0,0,,,5,12.9,12.9,8.9,,63,
335,Marcus Johnson,TEN,WR,27,1,1,0,0,0,0,0,0,0,,0,5,3,52,17.33,0,0,0,0,,,5,8.2,8.2,6.7,,141,
336,Tyler Kroft,NYJ,TE,29,4,2,0,0,0,0,0,0,0,,0,10,6,46,7.67,0,0,0,0,,,5,10.6,10.6,7.6,,65,
337,Ray-Ray McCloud,PIT,WR,25,6,0,0,0,0,0,0,0,0,,0,9,7,54,7.71,0,1,0,0,,,5,12.4,12.4,8.9,,140,
338,Dante Pettis,NYG,WR,26,1,0,0,0,0,0,0,0,0,,0,11,5,48,9.6,0,0,0,0,,,5,9.8,9.8,7.3,,143,
339,Jeff Smith,NYJ,WR,24,3,0,0,0,0,0,0,0,0,,0,4,2,48,24,0,0,0,0,,,5,6.8,6.8,5.8,,142,
340,Rodney Smith,CAR,RB,25,2,0,0,0,0,0,0,0,0,,0,5,5,48,9.6,0,0,0,0,,,5,9.8,9.8,7.3,,87,
341,Albert Wilson,MIA,WR,29,5,0,0,0,0,0,0,0,0,,0,12,7,45,6.43,0,0,0,0,,,5,11.5,11.5,8,,145,
342,Brandon Allen,CIN,QB,29,1,0,1,1,7,1,0,3,-3,-1,0,0,0,0,,0,0,0,0,,,4,4,4,4,,41,
343,Stephen Anderson,LAC,TE,28,6,1,0,0,0,0,0,0,0,,0,8,5,43,8.6,0,0,0,0,,,4,9.3,9.3,6.8,,66,
344,Blake Bell,KAN,TE,30,5,0,0,0,0,0,0,1,2,2,0,4,4,33,8.25,0,0,0,0,,,4,7.5,7.5,5.5,,69,
345,Alex Erickson,CAR,WR,29,6,0,0,0,0,0,0,0,0,,0,2,2,42,21,0,0,0,0,,,4,6.2,6.2,5.2,,146,
346,Darren Fells,DET,TE,35,6,5,0,0,0,0,0,0,0,,0,4,3,37,12.33,0,0,0,0,,,4,6.7,6.7,5.2,,68,
347,Michael Gallup,DAL,WR,25,1,0,0,0,0,0,0,0,0,,0,7,4,36,9,0,0,0,0,,,4,7.6,7.6,5.6,,150,
348,Penny Hart,SEA,WR,25,6,0,0,0,0,0,0,0,0,,0,5,4,38,9.5,0,0,0,0,,,4,7.8,7.8,5.8,,148,
349,Jerick McKinnon,KAN,RB,29,6,0,0,0,0,0,0,4,12,3,0,7,4,32,8,0,0,0,0,,,4,8.4,8.4,6.4,,89,
350,Jaret Patterson,WAS,RB,22,6,0,0,0,0,0,0,9,28,3.11,0,2,2,9,4.5,0,0,0,0,,,4,5.7,5.7,4.7,,90,
351,Eric Saubert,DEN,TE,27,6,2,0,0,0,0,0,0,0,,0,8,5,37,7.4,0,0,0,0,,,4,8.7,8.7,6.2,,67,
352,Cam Sims,WAS,WR,25,4,0,0,0,0,0,0,1,7,7,0,3,2,32,16,0,0,0,0,,,4,5.9,5.9,4.9,,147,
353,Keith Smith,ATL,RB,29,5,2,0,0,0,0,0,5,18,3.6,0,4,3,18,6,0,0,0,0,,,4,6.6,6.6,5.1,,91,
354,Kenny Stills,NOR,WR,29,3,2,0,0,0,0,0,1,1,1,0,9,3,34,11.33,0,0,0,0,,,4,6.5,6.5,5,,151,
355,Geoff Swaim,TEN,WR,28,5,5,0,0,0,0,0,0,0,,0,9,5,37,7.4,0,0,0,0,,,4,8.7,8.7,6.2,,149,
356,Rashod Bateman,BAL,WR,22,1,0,0,0,0,0,0,0,0,,0,6,4,29,7.25,0,0,0,0,,,3,6.9,6.9,4.9,,155,
357,D'Wayne Eskridge,SEA,WR,24,1,0,0,0,0,0,0,2,22,11,0,1,1,6,6,0,0,0,0,,,3,3.8,3.8,3.3,,157,
358,Russell Gage,ATL,WR,25,2,0,0,0,0,0,0,0,0,,0,9,5,28,5.6,0,0,0,0,,,3,7.8,7.8,5.3,,156,
359,Wayne Gallman,ATL,RB,27,2,0,0,0,0,0,0,7,31,4.43,0,1,0,0,,0,0,0,0,,,3,3.1,3.1,3.1,,92,
360,K.J. Hill,LAC,WR,24,6,0,0,0,0,0,0,0,0,,0,3,3,30,10,0,0,0,0,,,3,6,6,4.5,,154,
361,Kylin Hill,GNB,RB,23,6,0,0,0,0,0,0,7,22,3.14,0,1,1,5,5,0,0,0,0,,,3,3.7,3.7,3.2,,93,
362,Tommy Hudson,TEN,TE,24,3,0,0,0,0,0,0,0,0,,0,5,3,31,10.33,0,0,0,0,,,3,6.1,6.1,4.6,,71,
363,Lil'Jordan Humphrey,NOR,WR,23,2,1,0,0,0,0,0,0,0,,0,2,1,27,27,0,0,0,0,,,3,3.7,3.7,3.2,,158,
364,Trenton Irwin,CIN,WR,26,4,0,0,0,0,0,0,0,0,,0,1,1,25,25,0,0,0,0,,,3,3.5,3.5,3,,161,
365,Drew Lock,DEN,QB,25,1,0,12,21,113,0,1,0,0,,0,0,0,0,,0,0,0,0,,,3,2.5,3.5,3.5,,43,
366,Marcus Mariota,LVR,QB,28,1,0,0,0,0,0,0,1,31,31,0,0,0,0,,0,0,0,0,,,3,3.1,3.1,3.1,,42,
367,Josh Oliver,BAL,TE,24,6,0,0,0,0,0,0,0,0,,0,7,5,30,6,0,1,0,0,,,3,8,8,5.5,,72,
368,Amari Rodgers,GNB,WR,22,6,0,0,0,0,0,0,0,0,,0,2,2,33,16.5,0,0,0,0,,,3,5.3,5.3,4.3,,152,
369,Curtis Samuel,WAS,WR,25,2,1,0,0,0,0,0,1,8,8,0,5,4,19,4.75,0,0,0,0,,,3,6.7,6.7,4.7,,159,
370,Kaden Smith,NYG,TE,24,6,4,0,0,0,0,0,0,0,,0,3,3,33,11,0,0,0,0,,,3,6.3,6.3,4.8,,70,
371,Willie Snead,LVR,WR,29,6,0,0,0,0,0,0,0,0,,0,5,3,32,10.67,0,0,0,0,,,3,6.2,6.2,4.7,,153,
372,Mike Strachan,IND,WR,24,4,0,0,0,0,0,0,0,0,,0,3,2,26,13,0,0,0,0,,,3,4.6,4.6,3.6,,160,
373,Kalen Ballage,PIT,RB,26,6,0,0,0,0,0,0,6,15,2.5,0,1,0,0,,0,0,0,0,,,2,1.5,1.5,1.5,,102,
374,Christian Blake,ATL,WR,25,5,0,0,0,0,0,0,0,0,,0,5,3,20,6.67,0,0,0,0,,,2,5,5,3.5,,164,
375,Michael Burton,KAN,RB,29,6,0,0,0,0,0,0,3,9,3,0,1,1,11,11,0,0,0,0,,,2,3,3,2.5,,98,
376,Damiere Byrd,CHI,WR,28,6,0,0,0,0,0,0,0,0,,0,4,3,19,6.33,0,0,0,0,,,2,4.9,4.9,3.4,,166,
377,Cethan Carter,MIA,TE,26,6,1,0,0,0,0,0,0,0,,0,2,2,16,8,0,0,0,0,,,2,3.6,3.6,2.6,,75,
378,Zach Gentry,PIT,TE,25,6,3,0,0,0,0,0,0,0,,0,4,3,21,7,0,0,0,0,,,2,5.1,5.1,3.6,,74,
379,Kylen Granson,IND,TE,23,6,0,0,0,0,0,0,0,0,,0,4,3,22,7.33,0,0,0,0,,,2,5.2,5.2,3.7,,73,
380,N'Keal Harry,NWE,WR,24,3,1,0,0,0,0,0,0,0,,0,3,2,19,9.5,0,0,0,0,,,2,3.9,3.9,2.9,,165,
381,D'Ernest Johnson,CLE,RB,25,6,0,0,0,0,0,0,3,11,3.67,0,1,1,7,7,0,0,0,0,,,2,2.8,2.8,2.3,,101,
382,Joshua Kelley,LAC,RB,24,2,0,0,0,0,0,0,6,24,4,0,0,0,0,,0,0,0,0,,,2,2.4,2.4,2.4,,94,
383,Tom Kennedy,DET,WR,25,2,0,0,0,0,0,0,0,0,,0,1,1,15,15,0,0,0,0,,,2,2.5,2.5,2,,169,
384,Raheem Mostert,SFO,RB,29,1,1,0,0,0,0,0,2,20,10,0,0,0,0,,0,0,0,0,,,2,2,2,2,,99,
385,Gabe Nabers,LAC,RB,24,6,1,0,0,0,0,0,1,2,2,0,3,3,17,5.67,0,0,0,0,,,2,4.9,4.9,3.4,,100,
386,Dare Ogunbowale,JAX,RB,27,6,0,0,0,0,0,0,2,3,1.5,0,1,1,19,19,0,0,0,0,,,2,3.2,3.2,2.7,,95,
387,Patrick Ricard,BAL,RB,27,6,4,0,0,0,0,0,1,2,2,0,4,3,19,6.33,0,0,0,0,,,2,5.1,5.1,3.6,,96,
388,Andre Roberts,HOU,WR,33,6,0,0,0,0,0,0,0,0,,0,2,1,35,35,0,2,1,0,,,2,2.5,3.5,2,,168,
389,Adam Shaheen,MIA,TE,27,4,3,0,0,0,0,0,0,0,,0,3,2,15,7.5,0,0,0,0,,,2,3.5,3.5,2.5,,76,
390,Shi Smith,CAR,WR,23,1,0,0,0,0,0,0,0,0,,0,2,2,20,10,0,0,0,0,,,2,4,4,3,,163,
391,Benny Snell Jr.,PIT,RB,23,6,0,0,0,0,0,0,8,21,2.63,0,2,0,0,,0,0,0,0,,,2,2.1,2.1,2.1,,97,
392,Mike Thomas,CIN,WR,27,4,1,0,0,0,0,0,0,0,,0,5,3,24,8,0,0,0,0,,,2,5.4,5.4,3.9,,162,
393,Cody White,PIT,WR,23,4,0,0,0,0,0,0,0,0,,0,3,2,17,8.5,0,0,0,0,,,2,3.7,3.7,2.7,,167,
394,Alex Armah,NOR,RB,27,4,0,0,0,0,0,0,2,7,3.5,0,0,0,0,,0,0,0,0,,,1,0.7,0.7,0.7,,111,
395,John Bates,WAS,TE,24,6,1,0,0,0,0,0,0,0,,0,1,1,7,7,0,0,0,0,,,1,1.7,1.7,1.2,,82,
396,Miles Boykin,BAL,WR,25,2,0,0,0,0,0,0,0,0,,0,1,1,6,6,0,0,0,0,,,1,1.6,1.6,1.1,,177,
397,Gary Brightwell,NYG,RB,22,6,0,0,0,0,0,0,1,4,4,0,1,1,6,6,0,0,0,0,,,1,2,2,1.5,,108,
398,Rex Burkhead,HOU,RB,31,5,0,0,0,0,0,0,1,-1,-1,0,4,2,11,5.5,0,0,0,0,,,1,3,3,2,,109,
399,Derek Carrier,LVR,TE,31,4,1,0,0,0,0,0,0,0,,0,2,2,13,6.5,0,0,0,0,,,1,3.3,3.3,2.3,,77,
400,Damarea Crockett,DEN,RB,24,6,0,0,0,0,0,0,3,7,2.33,0,0,0,0,,0,0,0,0,,,1,0.7,0.7,0.7,,112,
401,Josiah Deguara,GNB,TE,24,5,0,0,0,0,0,0,0,0,,0,2,2,8,4,0,0,0,0,,,1,2.8,2.8,1.8,,81,
402,Ryan Fitzpatrick,WAS,QB,39,1,1,3,6,13,0,0,1,2,2,0,0,0,0,,0,1,0,0,,,1,0.7,0.7,0.7,,46,
403,Jake Funk,LAR,RB,23,6,0,0,0,0,0,0,1,6,6,0,0,0,0,,0,0,0,0,,,1,0.6,0.6,0.6,,114,
404,Blaine Gabbert,TAM,QB,32,2,0,3,3,41,0,0,6,-4,-0.67,0,0,0,0,,0,0,0,0,,,1,1.2,1.2,1.2,,44,
405,Reggie Gilliam,BUF,RB,24,5,2,0,0,0,0,0,3,3,1,0,2,1,8,8,0,0,0,0,,,1,2.1,2.1,1.6,,106,
406,Josh Gordon,KAN,WR,30,2,0,0,0,0,0,0,0,0,,0,1,1,11,11,0,0,0,0,,,1,2.1,2.1,1.6,,173,
407,Jimmy Graham,CHI,TE,35,6,3,0,0,0,0,0,0,0,,0,3,1,11,11,0,0,0,0,,,1,2.1,2.1,1.6,,78,
408,Noah Gray,KAN,TE,22,5,0,0,0,0,0,0,0,0,,0,2,1,5,5,0,0,0,0,,,1,1.5,1.5,1,,83,
409,Tyler Huntley,BAL,QB,23,1,0,0,0,0,0,0,3,10,3.33,0,0,0,0,,0,0,0,0,,,1,1,1,1,,45,
410,Tyron Johnson,JAX,WR,25,5,0,0,0,0,0,0,0,0,,0,3,1,6,6,0,0,0,0,,,1,1.6,1.6,1.1,,175,
411,Isaiah McKenzie,BUF,WR,26,5,1,0,0,0,0,0,2,5,2.5,0,2,1,1,1,0,0,0,0,,,1,1.6,1.6,1.1,,174,
412,Scott Miller,TAM,WR,24,3,0,0,0,0,0,0,0,0,,0,3,2,11,5.5,0,0,0,0,,,1,3.1,3.1,2.1,,172,
413,Dax Milne,WAS,WR,22,5,0,0,0,0,0,0,0,0,,0,2,1,6,6,0,0,0,0,,,1,1.6,1.6,1.1,,176,
414,Johnny Mundt,LAR,TE,27,6,0,0,0,0,0,0,0,0,,0,1,1,9,9,0,0,0,0,,,1,1.9,1.9,1.4,,79,
415,Jacques Patrick,SFO,RB,24,2,0,0,0,0,0,0,2,12,6,0,0,0,0,,0,0,0,0,,,1,1.2,1.2,1.2,,105,
416,Rashaad Penny,SEA,RB,25,1,0,0,0,0,0,0,2,8,4,0,0,0,0,,0,0,0,0,,,1,0.8,0.8,0.8,,110,
417,Jalen Richard,LVR,RB,28,2,0,0,0,0,0,0,1,0,0,0,2,2,7,3.5,0,0,0,0,,,1,2.7,2.7,1.7,,113,
418,Drew Sample,CIN,TE,25,6,3,0,0,0,0,0,0,0,,0,5,2,9,4.5,0,0,0,0,,,1,2.9,2.9,1.9,,80,
419,Boston Scott,PHI,RB,26,6,0,0,0,0,0,0,0,0,,0,2,2,5,2.5,0,0,0,0,,,1,2.5,2.5,1.5,,116,
420,Johnny Stanton,CLE,RB,27,1,0,0,0,0,0,0,0,0,,0,1,1,6,6,0,0,0,0,,,1,1.6,1.6,1.1,,115,
421,Malik Taylor,GNB,WR,26,5,0,0,0,0,0,0,0,0,,0,3,2,14,7,0,0,0,0,,,1,3.4,3.4,2.4,,170,
422,Jonathan Ward,ARI,RB,24,6,0,0,0,0,0,0,4,14,3.5,0,0,0,0,,0,0,0,0,,,1,1.4,1.4,1.4,,103,
423,Dwayne Washington,NOR,RB,27,5,0,0,0,0,0,0,1,5,5,0,1,1,6,6,0,0,0,0,,,1,2.1,2.1,1.6,,107,
424,Trayveon Williams,CIN,RB,24,1,0,0,0,0,0,0,6,13,2.17,0,0,0,0,,0,0,0,0,,,1,1.3,1.3,1.3,,104,
425,Tyrell Williams,DET,WR,29,1,1,0,0,0,0,0,0,0,,0,3,2,14,7,0,0,0,0,,,1,3.4,3.4,2.4,,171,
426,Josh Adams,NYJ,,25,1,0,0,0,0,0,0,0,0,,0,0,0,0,,0,0,0,0,,,,,,,,124,
427,Geronimo Allison,DET,,27,1,0,0,0,0,0,0,0,0,,0,0,0,0,,0,0,0,0,,,,,,,,207,
428,JJ Arcega-Whiteside,PHI,,25,6,1,0,0,0,0,0,0,0,,0,0,0,0,,0,0,0,0,,,,,,,,192,
429,Tutu Atwell,LAR,,22,6,0,0,0,0,0,0,0,0,,0,0,0,0,,0,1,0,0,,,,,,,,210,
430,C.J. Beathard,JAX,,28,1,0,0,0,0,0,0,0,0,,0,0,0,0,,0,0,0,0,,,,,,,,52,
431,Andrew Beck,DEN,,25,4,0,0,0,0,0,0,0,0,,0,0,0,0,,0,0,0,0,,,,,,,,94,
432,Travis Benjamin,SFO,,32,1,0,0,0,0,0,0,0,0,,0,3,0,0,,0,0,0,0,,,,,,,,208,
433,Khari Blasingame,TEN,,25,4,2,0,0,0,0,0,0,0,,0,0,0,0,,0,0,0,0,,,,,,,,133,
434,Mike Boone,DEN,RB,26,1,0,0,0,0,0,0,0,0,,0,1,1,3,3,0,0,0,0,,,,1.3,1.3,0.8,,120,
435,Matt Breida,BUF,RB,26,2,0,0,0,0,0,0,4,4,1,0,0,0,0,,0,0,0,0,,,,0.4,0.4,0.4,,118,
436,Daniel Brown,NYJ,,29,5,0,0,0,0,0,0,0,0,,0,0,0,0,,0,0,0,0,,,,,,,,108,
437,John Brown,DEN,,31,1,0,0,0,0,0,0,0,0,,0,0,0,0,,0,0,0,0,,,,,,,,212,
438,Jason Cabinda,DET,RB,25,6,0,0,0,0,0,0,0,0,,0,2,1,4,4,0,0,0,0,,,,1.4,1.4,0.9,,117,
439,Dan Chisena,MIN,,24,1,0,0,0,0,0,0,0,0,,0,0,0,0,,0,0,0,0,,,,,,,,182,
440,Corey Clement,DAL,RB,27,6,0,0,0,0,0,0,3,0,0,0,0,0,0,,0,0,0,0,,,,,,,,134,
441,Tyrie Cleveland,DEN,,24,2,0,0,0,0,0,0,0,0,,0,0,0,0,,0,0,0,0,,,,,,,,202,
442,Dominique Dafney,GNB,,24,2,0,0,0,0,0,0,0,0,,0,0,0,0,,0,0,0,0,,,,,,,,114,
443,Chase Daniel,LAC,,35,1,0,0,0,0,0,0,0,0,,0,0,0,0,,0,0,0,0,,,,,,,,53,
444,Darrell Daniels,ARI,,27,5,2,0,0,0,0,0,0,0,,0,1,0,0,,0,0,0,0,,,,,,,,95,
445,Jaelon Darden,TAM,WR,22,1,0,0,0,0,0,0,0,0,,0,1,1,0,0,0,0,0,0,,,,1,1,0.5,,196,
446,Connor Davis,CLE,,27,1,0,0,0,0,0,0,0,0,,0,0,0,0,,0,0,0,0,,,,,,,,109,
447,Tyler Davis,GNB,,24,3,0,0,0,0,0,0,0,0,,0,0,0,0,,0,0,0,0,,,,,,,,101,
448,Brandon Dillon,MIN,,24,1,0,0,0,0,0,0,0,0,,0,0,0,0,,0,0,0,0,,,,,,,,93,
449,Phillip Dorsett,2TM,WR,28,3,0,0,0,0,0,0,0,0,,0,2,1,3,3,0,0,0,0,,,,1.3,1.3,0.8,,179,
450,Ben Ellefson,MIN,,25,4,0,0,0,0,0,0,0,0,,0,1,0,0,,0,0,0,0,,,,,,,,97,
451,Simi Fehoko,DAL,,24,3,0,0,0,0,0,0,0,0,,0,0,0,0,,0,0,0,0,,,,,,,,214,
452,Isaiah Ford,MIA,WR,25,2,0,0,0,0,0,0,0,0,,0,2,1,3,3,0,0,0,0,,,,1.3,1.3,0.8,,178,
453,Feleipe Franks,ATL,QB,24,2,0,0,0,0,0,0,1,3,3,0,0,0,0,,0,0,0,0,,,,0.3,0.3,0.3,,48,
454,Antonio Gandy-Golden,WAS,,23,2,0,0,0,0,0,0,0,0,,0,0,0,0,,0,0,0,0,,,,,,,,209,
455,Cullen Gillaspia,NYG,,26,6,0,0,0,0,0,0,0,0,,0,0,0,0,,0,0,0,0,,,,,,,,122,
456,C.J. Goodwin,DAL,,31,6,0,0,0,0,0,0,0,0,,0,0,0,0,,0,0,0,0,,,,,,,,187,
457,Garrett Griffin,NOR,,27,5,2,0,0,0,0,0,0,0,,0,0,0,0,,0,0,0,0,,,,,,,,102,
458,Justin Hardee,NYJ,,27,5,0,0,0,0,0,0,0,0,,0,0,0,0,,0,0,0,0,,,,,,,,190,
459,Clark Harris,CIN,,37,6,0,0,0,0,0,0,0,0,,0,0,0,0,,0,0,0,0,,,,,,,,115,
460,Demetrius Harris,ARI,,30,6,1,0,0,0,0,0,0,0,,0,3,0,0,,0,0,0,0,,,,,,,,106,
461,De'Michael Harris,IND,,23,3,0,0,0,0,0,0,0,0,,0,0,0,0,,0,0,0,0,,,,,,,,180,
462,Jacob Harris,LAR,,24,6,0,0,0,0,0,0,0,0,,0,0,0,0,,0,0,0,0,,,,,,,,110,
463,Dwayne Haskins,PIT,,24,1,0,0,0,0,0,0,0,0,,0,0,0,0,,0,0,0,0,,,,,,,,54,
464,Parker Hesse,ATL,,26,2,0,0,0,0,0,0,0,0,,0,1,0,0,,0,0,0,0,,,,,,,,96,
465,J.P. Holtz,CHI,,28,4,0,0,0,0,0,0,0,0,,0,0,0,0,,0,0,0,0,,,,,,,,103,
466,Buddy Howell,LAR,,25,2,0,0,0,0,0,0,0,0,,0,0,0,0,,0,0,0,0,,,,,,,,125,
467,Tanner Hudson,SFO,,27,1,0,0,0,0,0,0,0,0,,0,0,0,0,,0,0,0,0,,,,,,,,116,
468,Andy Isabella,ARI,,25,2,0,0,0,0,0,0,0,0,,0,0,0,0,,0,0,0,0,,,,,,,,203,
469,Jesse James,CHI,,27,5,3,0,0,0,0,0,0,0,,0,0,0,0,,0,0,0,0,,,,,,,,98,
470,Kerryon Johnson,SFO,,24,1,0,0,0,0,0,0,0,0,,0,0,0,0,,0,0,0,0,,,,,,,,131,
471,Taiwan Jones,BUF,,33,5,0,0,0,0,0,0,0,0,,0,0,0,0,,0,0,0,0,,,,,,,,128,
472,Case Keenum,CLE,QB,33,2,0,1,3,6,0,0,3,0,0,0,0,0,0,,0,0,0,0,,,,0.2,0.2,0.2,,49,
473,Marcus Kemp,KAN,,26,6,0,0,0,0,0,0,0,0,,0,1,0,0,,0,0,0,0,,,,,,,,206,
474,Jake Kumerow,BUF,,29,5,1,0,0,0,0,0,0,0,,0,1,0,0,,0,0,0,0,,,,,,,,183,
475,Hunter Long,MIA,,23,3,1,0,0,0,0,0,0,0,,0,1,0,0,,0,0,0,0,,,,,,,,104,
476,Jordan Love,GNB,QB,23,2,0,5,7,68,0,0,3,-3,-1,0,0,0,0,,0,1,1,0,,,,0.4,1.4,0.4,,47,
477,Tyler Mabry,SEA,,25,2,0,0,0,0,0,0,0,0,,0,0,0,0,,0,0,0,0,,,,,,,,89,
478,Codey McElroy,TAM,,29,2,0,0,0,0,0,0,0,0,,0,1,0,0,,0,0,0,0,,,,,,,,198,
479,Racey McMath,TEN,,22,4,0,0,0,0,0,0,0,0,,0,1,0,0,,0,0,0,0,,,,,,,,199,
480,Jaydon Mickens,TAM,,27,5,0,0,0,0,0,0,0,0,,0,0,0,0,,0,0,0,0,,,,,,,,184,
481,David Moore,DEN,,26,2,0,0,0,0,0,0,0,0,,0,2,0,0,,0,0,0,0,,,,,,,,185,
482,Stanley Morgan Jr.,CIN,,25,6,0,0,0,0,0,0,0,0,,0,0,0,0,,0,0,0,0,,,,,,,,215,
483,Chris Myarick,NYG,,26,3,0,0,0,0,0,0,0,0,,0,0,0,0,,0,0,0,0,,,,,,,,91,
484,Ryan Nall,CHI,,26,2,0,0,0,0,0,0,0,0,,0,0,0,0,,0,0,0,0,,,,,,,,132,
485,Gunner Olszewski,NWE,,25,6,0,0,0,0,0,0,0,0,,0,0,0,0,,0,0,0,0,,,,,,,,211,
486,Matthew Orzech,LAR,,26,6,0,0,0,0,0,0,0,0,,0,0,0,0,,0,1,0,0,,,,,,,,99,
487,Devine Ozigbo,NOR,,25,1,0,0,0,0,0,0,0,0,,0,0,0,0,,0,0,0,0,,,,,,,,126,
488,Colby Parkinson,SEA,TE,22,3,0,0,0,0,0,0,0,0,,0,2,1,1,1,0,0,0,0,,,,1.1,1.1,0.6,,86,
489,Nathan Peterman,LVR,QB,27,1,0,0,0,0,0,0,2,2,1,0,0,0,0,,0,0,0,0,,,,0.2,0.2,0.2,,50,
490,Scottie Phillips,HOU,,24,1,0,0,0,0,0,0,0,0,,0,0,0,0,,0,0,0,0,,,,,,,,130,
491,Artavis Pierce,CHI,,25,1,0,0,0,0,0,0,0,0,,0,0,0,0,,0,0,0,0,,,,,,,,123,
492,Giovanni Ricci,CAR,,25,6,0,0,0,0,0,0,0,0,,0,0,0,0,,0,0,0,0,,,,,,,,105,
493,Josh Rosen,ATL,QB,24,2,0,0,2,0,0,0,0,0,,0,0,0,0,,0,0,0,0,,,,,,,,56,
494,Cooper Rush,DAL,,28,1,0,0,0,0,0,0,0,0,,0,0,0,0,,0,0,0,0,,,,,,,,51,
495,Mekhi Sargent,TEN,RB,24,3,0,0,0,0,0,0,2,4,2,0,0,0,0,,0,0,0,0,,,,0.4,0.4,0.4,,119,
496,Ben Skowronek,LAR,,24,4,0,0,0,0,0,0,0,0,,0,0,0,0,,0,0,0,0,,,,,,,,181,
497,Matthew Slater,NWE,,36,6,0,0,0,0,0,0,0,0,,0,0,0,0,,0,0,0,0,,,,,,,,204,
498,Devin Smith,JAX,,29,4,0,0,0,0,0,0,0,0,,0,1,0,0,,0,0,0,0,,,,,,,,193,
499,Ihmir Smith-Marsette,MIN,,22,3,0,0,0,0,0,0,0,0,,0,0,0,0,,0,0,0,0,,,,,,,,200,
,,,,,,,,,,,,,,,,,,,,,,,,,,,,,,,,
